Residue	100	100.4	100.8	101.2	101.6	102	102.4	102.8	103.2	103.6	104	104.4	104.8	105.2	105.6	106	106.4	106.8	107.2	107.6	108	108.4	108.8	109.2	109.6	110	110.4	110.8	111.2	111.6	112	112.4	112.8	113.2	113.6	114	114.4	114.8	115.2	115.6	116	116.4	116.8	117.2	117.6	118	118.4	118.8	119.2	119.6	120	120.4	120.8	121.2	121.6	122	122.4	122.8	123.2	123.6	124	124.4	124.8	125.2	125.6	126	126.4	126.8	127.2	127.6	128	128.4	128.8	129.2	129.6	130	130.4	130.8	131.2	131.6	132	132.4	132.8	133.2	133.6	134	134.4	134.8	135.2
Q2	0.575568 	0.576126 	0.575680 	0.572448 	0.568101 	0.569215 	0.572782 	0.580584 	0.577798 	0.578466 	0.576014 	0.578801 	0.577017 	0.578912 	0.576460 	0.576126 	0.575123 	0.575457 	0.574677 	0.575457 	0.574565 	0.572671 	0.574565 	0.572113 	0.572336 	0.572002 	0.570553 	0.570776 	0.571222 	0.567655 	0.566763 	0.564646 	0.566206 	0.562862 	0.561190 	0.559964 	0.558404 	0.554614 	0.552162 	0.547147 	0.546032 	0.540348 	0.536893 	0.530094 	0.524744 	0.513152 	0.500669 	0.488408 	0.466897 	0.443045 	0.408159 	0.362015 	0.300825 	0.222024 	0.128511 	0.046032 	0.005397 	0.007693 	0.032055 	0.102786 	0.193045 	0.278979 	0.344962 	0.395118 	0.432679 	0.462662 	0.480941 	0.499666 	0.510477 	0.519951 	0.528756 	0.534886 	0.539902 	0.546478 	0.550379 	0.553611 	0.554503 	0.559073 	0.559964 	0.561748 	0.562528 	0.565983 	0.566652 	0.568212 	0.567989 	0.568770 	0.570776 	0.571110 	0.571779 
I3	0.569484 	0.573171 	0.569200 	0.572320 	0.567499 	0.571185 	0.567499 	0.567215 	0.563812 	0.570051 	0.562110 	0.565797 	0.556721 	0.566081 	0.558140 	0.564379 	0.554169 	0.560408 	0.550766 	0.553885 	0.541974 	0.545377 	0.536869 	0.539705 	0.527226 	0.522405 	0.510777 	0.503971 	0.484118 	0.464833 	0.439308 	0.410380 	0.364719 	0.302893 	0.221015 	0.129694 	0.043137 	0.004487 	0.007223 	0.030573 	0.106324 	0.196285 	0.278417 	0.349404 	0.395916 	0.433636 	0.457742 	0.483834 	0.492059 	0.508792 	0.515882 	0.530062 	0.528361 	0.540839 	0.540556 	0.549064 	0.548497 	0.557005 	0.551900 	0.558423 	0.555871 	0.561826 	0.562677 	0.566931 	0.564095 	0.567215 	0.564663 	0.569200 	0.562394 	0.571185 	0.567215 	0.574022 	0.569767 	0.573738 	0.568349 	0.573454 	0.567782 	0.574305 	0.572604 	0.577708 	0.571753 	0.577425 	0.569200 	0.575723 	0.568633 	0.578559 	0.573171 	0.575723 	0.571469 
F4	0.575087 	0.576817 	0.574740 	0.575779 	0.576125 	0.573010 	0.575087 	0.574740 	0.569896 	0.576471 	0.569550 	0.573702 	0.569896 	0.570934 	0.571626 	0.568166 	0.566782 	0.569896 	0.569896 	0.562284 	0.567820 	0.561592 	0.556747 	0.563668 	0.560554 	0.561938 	0.555017 	0.552595 	0.547059 	0.548443 	0.534602 	0.542907 	0.533218 	0.525952 	0.514187 	0.510035 	0.494118 	0.473702 	0.450865 	0.420069 	0.380277 	0.324983 	0.253080 	0.158374 	0.074602 	0.012450 	0.005329 	0.015426 	0.079100 	0.164948 	0.255087 	0.325779 	0.381315 	0.418685 	0.452249 	0.478547 	0.490657 	0.505190 	0.519377 	0.520761 	0.524567 	0.538754 	0.541869 	0.545329 	0.556747 	0.552595 	0.557093 	0.559170 	0.562630 	0.563668 	0.556747 	0.563668 	0.565744 	0.564706 	0.564360 	0.571280 	0.571972 	0.567820 	0.570588 	0.570934 	0.570588 	0.567474 	0.565052 	0.572664 	0.571626 	0.566782 	0.568858 	0.574394 	0.575779 
V5	0.596708 	0.594808 	0.598924 	0.605255 	0.604622 	0.607471 	0.604305 	0.606204 	0.603355 	0.607787 	0.599240 	0.605255 	0.604305 	0.602406 	0.595758 	0.606838 	0.600190 	0.599873 	0.599873 	0.605571 	0.597024 	0.599557 	0.598924 	0.600190 	0.595442 	0.598924 	0.589427 	0.595125 	0.593226 	0.598291 	0.584679 	0.595125 	0.581513 	0.584362 	0.580563 	0.582463 	0.576448 	0.567901 	0.564419 	0.559038 	0.544793 	0.539095 	0.527382 	0.513137 	0.490662 	0.464387 	0.422602 	0.385882 	0.309465 	0.227540 	0.125514 	0.045204 	0.004919 	0.003473 	0.042925 	0.128585 	0.222317 	0.311238 	0.376701 	0.427350 	0.462488 	0.493511 	0.511238 	0.531181 	0.538462 	0.551757 	0.557138 	0.566318 	0.571700 	0.574549 	0.571383 	0.583729 	0.582779 	0.593226 	0.590377 	0.589744 	0.591643 	0.598291 	0.594175 	0.597657 	0.593542 	0.600823 	0.597024 	0.600506 	0.600190 	0.602089 	0.598924 	0.600506 	0.602722 
K6	0.580404 	0.582031 	0.582031 	0.583333 	0.579753 	0.583659 	0.579427 	0.577474 	0.585612 	0.584310 	0.578125 	0.578451 	0.577148 	0.583659 	0.580729 	0.577799 	0.576172 	0.572591 	0.572917 	0.580078 	0.581706 	0.584961 	0.579427 	0.580078 	0.578451 	0.582357 	0.580729 	0.578125 	0.581380 	0.578776 	0.578451 	0.581055 	0.579427 	0.575195 	0.577474 	0.577474 	0.577148 	0.576172 	0.574870 	0.574544 	0.574219 	0.574219 	0.571289 	0.571289 	0.569987 	0.568359 	0.567708 	0.564779 	0.563477 	0.562826 	0.556641 	0.560547 	0.554362 	0.551107 	0.547201 	0.540690 	0.534505 	0.524089 	0.510417 	0.503255 	0.484375 	0.466797 	0.438151 	0.396810 	0.342448 	0.275911 	0.182845 	0.092969 	0.021969 	-0.000382	0.008239 	0.063411 	0.152539 	0.243359 	0.318717 	0.374674 	0.420898 	0.458008 	0.478190 	0.498047 	0.510091 	0.525065 	0.531576 	0.536784 	0.542318 	0.548503 	0.554688 	0.554036 	0.555339 
T7	0.570682 	0.573026 	0.567256 	0.571403 	0.566895 	0.572845 	0.564731 	0.567977 	0.561305 	0.565633 	0.561666 	0.567256 	0.559142 	0.563649 	0.558240 	0.560945 	0.554995 	0.559142 	0.551028 	0.555716 	0.545258 	0.547061 	0.539668 	0.538045 	0.527227 	0.528489 	0.515687 	0.506311 	0.491525 	0.476379 	0.452218 	0.428237 	0.386405 	0.339344 	0.264695 	0.183015 	0.089452 	0.023512 	0.005813 	0.010730 	0.063379 	0.146304 	0.234223 	0.314281 	0.368734 	0.413992 	0.444284 	0.472773 	0.482510 	0.503967 	0.509917 	0.520736 	0.526145 	0.536423 	0.536603 	0.545618 	0.542373 	0.553913 	0.550847 	0.557699 	0.551929 	0.558781 	0.554995 	0.561305 	0.560224 	0.564912 	0.562568 	0.568518 	0.563649 	0.566534 	0.564912 	0.573386 	0.565092 	0.570501 	0.566715 	0.571583 	0.566715 	0.569780 	0.566174 	0.571042 	0.568878 	0.572845 	0.571403 	0.573206 	0.569419 	0.573747 	0.569059 	0.574829 	0.569239 
L8	0.508542 	0.507549 	0.510131 	0.522249 	0.516289 	0.517282 	0.517282 	0.522249 	0.511522 	0.517878 	0.516687 	0.518474 	0.513111 	0.515495 	0.512912 	0.514501 	0.512714 	0.510528 	0.505364 	0.516289 	0.517680 	0.518673 	0.508542 	0.509535 	0.505165 	0.512515 	0.504966 	0.505761 	0.504172 	0.505165 	0.500993 	0.504966 	0.502384 	0.504172 	0.495828 	0.497418 	0.490068 	0.490663 	0.487088 	0.477751 	0.470004 	0.467819 	0.452523 	0.446365 	0.428884 	0.402463 	0.378029 	0.331347 	0.274930 	0.211164 	0.121514 	0.046762 	0.004005 	0.008214 	0.038598 	0.117263 	0.203615 	0.276718 	0.333135 	0.372467 	0.402662 	0.427493 	0.440207 	0.451331 	0.466031 	0.468017 	0.473778 	0.482718 	0.488478 	0.492451 	0.494835 	0.498808 	0.493445 	0.503774 	0.502781 	0.502582 	0.504768 	0.507946 	0.506555 	0.509535 	0.509337 	0.509535 	0.502980 	0.512714 	0.509932 	0.513905 	0.508343 	0.513508 	0.506555 
T9	0.516835 	0.506313 	0.500421 	0.489057 	0.477694 	0.467593 	0.446549 	0.423822 	0.388173 	0.340825 	0.274621 	0.197096 	0.110480 	0.029983 	0.008005 	0.007344 	0.052062 	0.134891 	0.219781 	0.296212 	0.351178 	0.396591 	0.428872 	0.449074 	0.472222 	0.483165 	0.494949 	0.497475 	0.507997 	0.510943 	0.521044 	0.517677 	0.527778 	0.526515 	0.524832 	0.530303 	0.531566 	0.534512 	0.532828 	0.541667 	0.540404 	0.534933 	0.536616 	0.546717 	0.540825 	0.538721 	0.545875 	0.545034 	0.544613 	0.540825 	0.547980 	0.543771 	0.547559 	0.542508 	0.546717 	0.545034 	0.545034 	0.543771 	0.551347 	0.550084 	0.547559 	0.544192 	0.547138 	0.550505 	0.542088 	0.541667 	0.542929 	0.539562 	0.543771 	0.544613 	0.551768 	0.543771 	0.552609 	0.547980 	0.544192 	0.551768 	0.551347 	0.549663 	0.550926 	0.550505 	0.553872 	0.545875 	0.546296 	0.551768 	0.546717 	0.552189 	0.547138 	0.547980 	0.546717 
G10	0.531321 	0.528874 	0.524796 	0.523491 	0.522512 	0.518597 	0.517292 	0.515334 	0.509299 	0.504568 	0.499021 	0.492007 	0.480424 	0.468352 	0.452039 	0.431485 	0.402121 	0.365416 	0.309788 	0.235889 	0.145905 	0.059853 	0.009289 	0.009137 	0.033361 	0.112382 	0.204731 	0.285155 	0.343719 	0.387765 	0.419739 	0.445840 	0.462969 	0.474715 	0.484992 	0.497064 	0.500653 	0.504568 	0.511256 	0.516313 	0.517781 	0.519576 	0.523817 	0.527732 	0.526427 	0.529853 	0.528059 	0.531485 	0.531158 	0.532137 	0.535073 	0.534421 	0.535563 	0.536378 	0.537194 	0.536868 	0.538662 	0.535237 	0.536542 	0.540946 	0.538499 	0.540783 	0.539152 	0.540946 	0.539315 	0.541272 	0.540131 	0.541436 	0.540457 	0.539641 	0.538989 	0.542577 	0.540783 	0.539478 	0.531648 	0.533768 	0.534910 	0.539315 	0.540131 	0.542904 	0.540620 	0.538825 	0.540783 	0.542741 	0.540783 	0.544535 	0.542088 	0.543230 	0.542088 
K11	0.558042 	0.554433 	0.551256 	0.551834 	0.556887 	0.559342 	0.559630 	0.558908 	0.560352 	0.559486 	0.558331 	0.558620 	0.559053 	0.558331 	0.558475 	0.557320 	0.557320 	0.556887 	0.558475 	0.558042 	0.558187 	0.557031 	0.554721 	0.556165 	0.554866 	0.554866 	0.553133 	0.552844 	0.551112 	0.549379 	0.548080 	0.548802 	0.546636 	0.546347 	0.541582 	0.540427 	0.539994 	0.536240 	0.533353 	0.529599 	0.524545 	0.520791 	0.511551 	0.502743 	0.495668 	0.479209 	0.461450 	0.438348 	0.407883 	0.361681 	0.301040 	0.221484 	0.129252 	0.044470 	0.006168 	0.008202 	0.046925 	0.130927 	0.222928 	0.301473 	0.362836 	0.404418 	0.436760 	0.459428 	0.479353 	0.491915 	0.503610 	0.513428 	0.518914 	0.524401 	0.529599 	0.532486 	0.536673 	0.539850 	0.541438 	0.542449 	0.544326 	0.546636 	0.547358 	0.550823 	0.551545 	0.551834 	0.551401 	0.552700 	0.553999 	0.554288 	0.554577 	0.556021 	0.555876 
T12	0.545347 	0.552290 	0.547563 	0.552733 	0.548006 	0.551256 	0.550665 	0.551699 	0.546972 	0.549778 	0.549040 	0.552880 	0.547415 	0.551551 	0.546086 	0.550960 	0.545938 	0.551551 	0.545938 	0.546677 	0.544756 	0.545790 	0.542393 	0.545199 	0.540473 	0.545347 	0.539143 	0.542836 	0.538700 	0.539143 	0.532201 	0.536189 	0.528656 	0.530133 	0.523191 	0.525702 	0.517578 	0.515362 	0.503840 	0.501625 	0.487888 	0.480502 	0.460709 	0.442688 	0.412408 	0.376957 	0.323929 	0.254210 	0.163368 	0.075096 	0.013696 	0.007204 	0.024815 	0.093146 	0.183013 	0.270901 	0.333235 	0.385377 	0.416987 	0.445790 	0.465583 	0.479025 	0.489069 	0.502954 	0.505465 	0.516544 	0.517578 	0.523338 	0.525554 	0.530576 	0.529690 	0.537075 	0.533235 	0.537371 	0.538109 	0.542836 	0.540473 	0.542984 	0.541211 	0.548449 	0.541950 	0.548597 	0.546529 	0.550074 	0.543870 	0.549040 	0.545790 	0.548597 	0.543279 
I13	0.587818 	0.591070 	0.584270 	0.587226 	0.583974 	0.586931 	0.583678 	0.588114 	0.586339 	0.584270 	0.577765 	0.585452 	0.579539 	0.582791 	0.581609 	0.580426 	0.577173 	0.583087 	0.580426 	0.585748 	0.580426 	0.585452 	0.580721 	0.587226 	0.580721 	0.587818 	0.580130 	0.586931 	0.583383 	0.585157 	0.578356 	0.585452 	0.579834 	0.581904 	0.579243 	0.580426 	0.577173 	0.579834 	0.577469 	0.579539 	0.578652 	0.575399 	0.572147 	0.571851 	0.571555 	0.570668 	0.564459 	0.569486 	0.563572 	0.562389 	0.557363 	0.559432 	0.549379 	0.549083 	0.539622 	0.536369 	0.524837 	0.519219 	0.500296 	0.486990 	0.464814 	0.437907 	0.392963 	0.345358 	0.270106 	0.182200 	0.095299 	0.026487 	0.005813 	0.005577 	0.053726 	0.136310 	0.227321 	0.311650 	0.368421 	0.415435 	0.449438 	0.476050 	0.492608 	0.515376 	0.518332 	0.534891 	0.539030 	0.545831 	0.544352 	0.552927 	0.556771 	0.565050 	0.563868 
T14	0.557641 	0.556077 	0.559567 	0.565343 	0.564982 	0.566546 	0.563418 	0.566185 	0.563658 	0.566306 	0.562696 	0.564621 	0.563297 	0.563658 	0.560770 	0.563418 	0.560529 	0.563297 	0.558965 	0.561252 	0.559567 	0.561011 	0.558002 	0.559567 	0.555114 	0.558845 	0.552587 	0.555235 	0.552828 	0.553550 	0.549699 	0.548977 	0.545006 	0.546450 	0.542118 	0.539471 	0.534537 	0.532491 	0.525391 	0.520698 	0.512274 	0.503851 	0.488929 	0.476053 	0.455355 	0.430806 	0.394705 	0.350662 	0.289531 	0.215283 	0.126113 	0.050024 	0.007971 	0.005124 	0.027220 	0.096077 	0.183153 	0.267268 	0.332130 	0.383634 	0.419735 	0.450060 	0.469314 	0.486402 	0.497954 	0.509507 	0.516005 	0.524188 	0.529001 	0.535379 	0.535740 	0.541757 	0.542238 	0.545487 	0.546570 	0.550782 	0.549458 	0.554753 	0.552347 	0.556197 	0.553670 	0.557401 	0.556679 	0.558965 	0.556679 	0.559928 	0.559446 	0.561974 	0.559567 
L15	0.584549 	0.583119 	0.577969 	0.579971 	0.579971 	0.580544 	0.581688 	0.579113 	0.573963 	0.573963 	0.569099 	0.569671 	0.580830 	0.580544 	0.579399 	0.579113 	0.579399 	0.582260 	0.583405 	0.577396 	0.575393 	0.581402 	0.580830 	0.577110 	0.577396 	0.579971 	0.575680 	0.576538 	0.577396 	0.573677 	0.570529 	0.573963 	0.575107 	0.571674 	0.570243 	0.571674 	0.570529 	0.566524 	0.566524 	0.567382 	0.561087 	0.561946 	0.559943 	0.561373 	0.554506 	0.554793 	0.550501 	0.543920 	0.534764 	0.534478 	0.519599 	0.513591 	0.499571 	0.481831 	0.460086 	0.426609 	0.390844 	0.337625 	0.263777 	0.174249 	0.083920 	0.020715 	0.010392 	0.015751 	0.080973 	0.167668 	0.254993 	0.335336 	0.387124 	0.431760 	0.455508 	0.482117 	0.498140 	0.513877 	0.519599 	0.532189 	0.538770 	0.544492 	0.548212 	0.552217 	0.553934 	0.556795 	0.564235 	0.560801 	0.565665 	0.568813 	0.565093 	0.569099 	0.569385 
E16	0.603406 	0.608199 	0.599531 	0.592698 	0.604222 	0.609015 	0.613400 	0.608709 	0.605752 	0.613910 	0.614522 	0.611054 	0.612890 	0.612074 	0.606363 	0.609627 	0.613808 	0.607077 	0.612278 	0.600143 	0.609219 	0.605344 	0.606873 	0.610239 	0.606058 	0.609525 	0.603916 	0.607077 	0.601672 	0.599633 	0.599225 	0.605752 	0.596879 	0.600755 	0.596574 	0.597491 	0.591475 	0.593106 	0.596676 	0.580359 	0.575872 	0.575362 	0.561697 	0.560779 	0.548338 	0.536712 	0.521008 	0.501122 	0.482562 	0.434632 	0.391699 	0.328370 	0.241179 	0.138589 	0.044656 	0.002810 	0.007695 	0.041342 	0.116765 	0.219152 	0.309504 	0.379156 	0.436671 	0.467265 	0.495615 	0.515297 	0.534163 	0.544259 	0.553131 	0.567510 	0.576790 	0.572711 	0.579441 	0.577911 	0.587701 	0.592392 	0.591984 	0.588721 	0.589435 	0.589741 	0.604426 	0.596879 	0.597797 	0.598613 	0.603712 	0.603304 	0.609729 	0.605446 	0.608709 
V17	0.560886 	0.561293 	0.560073 	0.563326 	0.560886 	0.560886 	0.557634 	0.558853 	0.556007 	0.558650 	0.558447 	0.559260 	0.557634 	0.556211 	0.556211 	0.556007 	0.554381 	0.554381 	0.550315 	0.553365 	0.551738 	0.548282 	0.548892 	0.545233 	0.541370 	0.541573 	0.539541 	0.533645 	0.530392 	0.523277 	0.517585 	0.511893 	0.501321 	0.491157 	0.474080 	0.456597 	0.427933 	0.394186 	0.347022 	0.286440 	0.205733 	0.116385 	0.041411 	0.006194 	0.009663 	0.037487 	0.114190 	0.202643 	0.281155 	0.348242 	0.391340 	0.427323 	0.453141 	0.475300 	0.488921 	0.499085 	0.509047 	0.517382 	0.523074 	0.527750 	0.530596 	0.534865 	0.538727 	0.541167 	0.543200 	0.545233 	0.547876 	0.550925 	0.550518 	0.551128 	0.552958 	0.555397 	0.555804 	0.556007 	0.559057 	0.558650 	0.554991 	0.559870 	0.557634 	0.558447 	0.557634 	0.561903 	0.560480 	0.559463 	0.561090 	0.562309 	0.560276 	0.560886 	0.562106 
E18	0.604300 	0.607197 	0.602013 	0.604300 	0.601708 	0.603233 	0.601098 	0.603843 	0.601555 	0.602928 	0.599421 	0.603843 	0.599421 	0.601098 	0.598963 	0.600945 	0.599726 	0.598201 	0.594084 	0.598048 	0.592864 	0.596371 	0.593016 	0.593626 	0.589052 	0.588899 	0.584020 	0.585392 	0.579445 	0.581122 	0.575328 	0.572431 	0.567094 	0.564044 	0.556115 	0.549863 	0.537054 	0.530497 	0.509607 	0.493138 	0.467063 	0.435499 	0.385026 	0.326014 	0.243519 	0.147072 	0.059241 	0.013300 	0.004289 	0.026243 	0.088426 	0.185422 	0.274626 	0.349039 	0.401647 	0.446783 	0.474230 	0.503050 	0.515401 	0.534462 	0.541629 	0.553217 	0.557182 	0.565721 	0.568009 	0.576853 	0.574718 	0.582190 	0.583257 	0.588289 	0.584020 	0.593169 	0.588747 	0.594084 	0.591644 	0.595608 	0.595608 	0.598353 	0.597133 	0.598811 	0.596828 	0.599573 	0.596676 	0.602775 	0.599726 	0.599726 	0.598658 	0.600488 	0.601860 
S20	0.458230 	0.428673 	0.386903 	0.332566 	0.260531 	0.170867 	0.082867 	0.021115 	0.008915 	0.014779 	0.068796 	0.154850 	0.246372 	0.321416 	0.376106 	0.421239 	0.451858 	0.475752 	0.491858 	0.508142 	0.519115 	0.527257 	0.533274 	0.538230 	0.541947 	0.546549 	0.549558 	0.553097 	0.556637 	0.557168 	0.560354 	0.561239 	0.564248 	0.565487 	0.566195 	0.565841 	0.566726 	0.570088 	0.569912 	0.572743 	0.569558 	0.573274 	0.571858 	0.574159 	0.573628 	0.573805 	0.573451 	0.575221 	0.573628 	0.576106 	0.575398 	0.574336 	0.576106 	0.577522 	0.575575 	0.577345 	0.580177 	0.575575 	0.576637 	0.570088 	0.570265 	0.572035 	0.573628 	0.575398 	0.575575 	0.575752 	0.571858 	0.573451 	0.577522 	0.577876 	0.577876 	0.578230 	0.578938 	0.576991 	0.578230 	0.577699 	0.581239 	0.580000 	0.578761 	0.581062 	0.579646 	0.578230 	0.579469 	0.577876 	0.578584 	0.580177 	0.578761 	0.580177 	0.580000 
D21	0.546669 	0.545834 	0.546252 	0.546461 	0.545625 	0.541867 	0.537691 	0.533932 	0.539779 	0.547087 	0.548549 	0.550010 	0.544373 	0.546878 	0.543120 	0.547922 	0.546461 	0.543537 	0.542493 	0.543328 	0.546252 	0.544164 	0.544164 	0.543746 	0.545417 	0.543955 	0.546669 	0.541240 	0.540614 	0.544164 	0.541658 	0.535811 	0.538108 	0.533932 	0.534558 	0.531426 	0.532053 	0.531426 	0.531009 	0.525579 	0.526624 	0.520986 	0.517436 	0.514721 	0.508039 	0.504907 	0.497181 	0.490081 	0.476091 	0.466068 	0.444560 	0.426185 	0.396116 	0.357068 	0.305283 	0.237210 	0.154166 	0.069388 	0.012838 	0.005055 	0.010226 	0.050365 	0.128774 	0.213823 	0.282105 	0.342451 	0.385676 	0.417624 	0.442055 	0.457924 	0.473794 	0.485488 	0.493214 	0.498016 	0.503654 	0.513677 	0.517018 	0.523074 	0.523074 	0.527459 	0.530591 	0.529338 	0.529547 	0.537691 	0.535811 	0.535185 	0.536438 	0.538526 	0.538735 
T22	0.541867 	0.540474 	0.537069 	0.536449 	0.531961 	0.532580 	0.524687 	0.525306 	0.517412 	0.512459 	0.502399 	0.495125 	0.479957 	0.462467 	0.440180 	0.412784 	0.374091 	0.323015 	0.251045 	0.163597 	0.074292 	0.014307 	0.009113 	0.016143 	0.075097 	0.162668 	0.249187 	0.321003 	0.370840 	0.410618 	0.439406 	0.462931 	0.478718 	0.493886 	0.501470 	0.510757 	0.514626 	0.521591 	0.523139 	0.529794 	0.532890 	0.536914 	0.538307 	0.540938 	0.538307 	0.543569 	0.543724 	0.546974 	0.549141 	0.549915 	0.546510 	0.548986 	0.549296 	0.553475 	0.550998 	0.553939 	0.550998 	0.552546 	0.554868 	0.555796 	0.554558 	0.556106 	0.554403 	0.555642 	0.555332 	0.555642 	0.553320 	0.555022 	0.557035 	0.556570 	0.553320 	0.556415 	0.555177 	0.549605 	0.544653 	0.550070 	0.554403 	0.556880 	0.552701 	0.558427 	0.554713 	0.556880 	0.555487 	0.558427 	0.556261 	0.560440 	0.557499 	0.560749 	0.557344 
I23	0.540488 	0.542764 	0.547317 	0.553171 	0.547642 	0.552846 	0.546341 	0.552195 	0.547317 	0.554797 	0.547317 	0.548618 	0.543740 	0.551545 	0.549268 	0.549919 	0.544390 	0.549268 	0.542114 	0.556423 	0.540163 	0.544390 	0.543740 	0.546341 	0.541138 	0.543415 	0.539512 	0.536260 	0.536911 	0.536585 	0.531707 	0.533008 	0.526179 	0.526504 	0.524228 	0.521301 	0.507317 	0.508618 	0.498211 	0.491707 	0.475122 	0.474146 	0.450407 	0.436423 	0.404878 	0.376260 	0.334959 	0.279642 	0.206341 	0.131545 	0.054634 	0.010488 	0.001164 	0.000006 	0.016046 	0.076423 	0.157203 	0.238634 	0.297691 	0.350244 	0.394472 	0.420488 	0.439350 	0.459512 	0.467967 	0.483577 	0.499187 	0.506992 	0.503415 	0.510894 	0.519675 	0.521951 	0.525528 	0.529106 	0.524553 	0.534634 	0.528780 	0.536260 	0.531057 	0.538862 	0.533984 	0.541789 	0.537886 	0.548943 	0.540488 	0.546341 	0.545691 	0.548293 	0.546341 
N25	0.544857 	0.542077 	0.538539 	0.553955 	0.547132 	0.553450 	0.552186 	0.552439 	0.548395 	0.551175 	0.546879 	0.549153 	0.547132 	0.544352 	0.546374 	0.547132 	0.548143 	0.548648 	0.547384 	0.549406 	0.542583 	0.546374 	0.539045 	0.544857 	0.539550 	0.538792 	0.535001 	0.535001 	0.530200 	0.533485 	0.528431 	0.529947 	0.523629 	0.524640 	0.518069 	0.517311 	0.505939 	0.498863 	0.494061 	0.489260 	0.473844 	0.468284 	0.444781 	0.430377 	0.403589 	0.371746 	0.330553 	0.282790 	0.219611 	0.151099 	0.076169 	0.019338 	0.002521 	0.000430 	0.001152 	0.019578 	0.068158 	0.143290 	0.209376 	0.276978 	0.328532 	0.371999 	0.398787 	0.422037 	0.442254 	0.461461 	0.470053 	0.483700 	0.492545 	0.503159 	0.503159 	0.512257 	0.514026 	0.525651 	0.518322 	0.528936 	0.527420 	0.528683 	0.531211 	0.539297 	0.540308 	0.537023 	0.540056 	0.542330 	0.540814 	0.544857 	0.541572 	0.543088 	0.544857 
V26	0.582266 	0.575985 	0.562455 	0.565596 	0.568253 	0.574293 	0.573568 	0.575018 	0.574052 	0.578642 	0.573568 	0.575501 	0.577676 	0.573810 	0.567528 	0.575018 	0.575985 	0.576226 	0.573568 	0.578401 	0.573568 	0.568253 	0.568253 	0.567287 	0.563904 	0.570669 	0.565596 	0.564146 	0.558589 	0.573327 	0.567770 	0.570186 	0.558831 	0.564629 	0.562696 	0.550616 	0.551341 	0.545301 	0.541677 	0.541677 	0.541435 	0.535637 	0.527422 	0.515100 	0.500846 	0.494322 	0.471853 	0.458323 	0.427881 	0.383426 	0.333172 	0.259483 	0.176395 	0.086736 	0.027398 	0.013230 	0.022788 	0.070089 	0.159193 	0.242571 	0.315294 	0.378835 	0.405412 	0.450350 	0.473061 	0.489249 	0.500121 	0.518966 	0.521624 	0.531529 	0.536120 	0.541918 	0.552791 	0.557139 	0.547717 	0.559072 	0.558106 	0.566320 	0.563904 	0.565837 	0.570186 	0.564871 	0.557381 	0.566079 	0.567528 	0.568736 	0.562696 	0.569220 	0.576468 
K27	0.555339 	0.555339 	0.553716 	0.556313 	0.555664 	0.554041 	0.552743 	0.557611 	0.551444 	0.552418 	0.554041 	0.555015 	0.550146 	0.552743 	0.548523 	0.551120 	0.545927 	0.548199 	0.548848 	0.545602 	0.547549 	0.546900 	0.544304 	0.545278 	0.542681 	0.539760 	0.536514 	0.538462 	0.531970 	0.532295 	0.525479 	0.521908 	0.516715 	0.514119 	0.501461 	0.493022 	0.484258 	0.472574 	0.447907 	0.423564 	0.382993 	0.339825 	0.276241 	0.196008 	0.108374 	0.040019 	0.002745 	0.001491 	0.032376 	0.102499 	0.190523 	0.276047 	0.337877 	0.387212 	0.420643 	0.447582 	0.464784 	0.483285 	0.491723 	0.503083 	0.511522 	0.518663 	0.526777 	0.529698 	0.532944 	0.532619 	0.532944 	0.537812 	0.540409 	0.541707 	0.543006 	0.545602 	0.547549 	0.547225 	0.545602 	0.550795 	0.547874 	0.549172 	0.548523 	0.548523 	0.552093 	0.550471 	0.553067 	0.554041 	0.555664 	0.555015 	0.553716 	0.553067 	0.554365 
A28	0.542213 	0.544881 	0.536633 	0.539787 	0.539544 	0.537118 	0.530325 	0.540514 	0.545852 	0.542940 	0.541727 	0.544153 	0.541970 	0.539787 	0.541485 	0.544396 	0.539544 	0.542940 	0.543426 	0.543183 	0.536875 	0.537846 	0.537846 	0.541000 	0.538816 	0.535662 	0.538331 	0.535905 	0.533721 	0.536633 	0.537603 	0.533236 	0.534934 	0.528142 	0.529355 	0.530082 	0.526443 	0.526686 	0.524017 	0.519408 	0.516739 	0.512858 	0.506308 	0.509461 	0.496604 	0.492479 	0.481805 	0.472829 	0.455604 	0.440320 	0.421883 	0.385250 	0.345949 	0.291121 	0.218947 	0.131756 	0.052329 	0.006795 	0.003600 	0.013928 	0.066691 	0.152305 	0.231635 	0.305434 	0.354682 	0.397137 	0.417516 	0.444202 	0.459243 	0.474527 	0.484474 	0.491994 	0.500728 	0.504124 	0.510917 	0.516982 	0.518680 	0.522804 	0.521591 	0.522562 	0.526686 	0.530325 	0.526201 	0.530325 	0.530325 	0.531538 	0.529840 	0.536390 	0.533964 
K29	0.559764 	0.568126 	0.558780 	0.569356 	0.561240 	0.565667 	0.560502 	0.567142 	0.562961 	0.565175 	0.563945 	0.564437 	0.560994 	0.563207 	0.560256 	0.563699 	0.556075 	0.564683 	0.556567 	0.556075 	0.553861 	0.559764 	0.554107 	0.557304 	0.551402 	0.555583 	0.547221 	0.552386 	0.547467 	0.548697 	0.543286 	0.545007 	0.538367 	0.536153 	0.530989 	0.534432 	0.519183 	0.517216 	0.506886 	0.498770 	0.485243 	0.470487 	0.443187 	0.422036 	0.376291 	0.327595 	0.252336 	0.172381 	0.080767 	0.021306 	0.006392 	0.010243 	0.064511 	0.145229 	0.231407 	0.310379 	0.363010 	0.406050 	0.431874 	0.464830 	0.476636 	0.492622 	0.503689 	0.516724 	0.518692 	0.527545 	0.530005 	0.535662 	0.537629 	0.540334 	0.539843 	0.545499 	0.545745 	0.554353 	0.546483 	0.556321 	0.549188 	0.558534 	0.551648 	0.560256 	0.552632 	0.562223 	0.554599 	0.562223 	0.557304 	0.562715 	0.560010 	0.561731 	0.555829 
I30	0.559409 	0.559107 	0.556695 	0.566345 	0.566043 	0.568154 	0.563028 	0.569059 	0.563028 	0.565440 	0.567551 	0.566647 	0.564837 	0.566345 	0.556695 	0.565440 	0.562123 	0.563028 	0.559107 	0.559710 	0.562123 	0.563329 	0.562425 	0.556092 	0.555790 	0.556996 	0.554885 	0.556996 	0.552774 	0.549156 	0.551568 	0.553378 	0.544632 	0.545235 	0.541315 	0.544632 	0.539505 	0.531665 	0.528347 	0.528347 	0.516888 	0.508444 	0.496984 	0.485223 	0.463812 	0.448432 	0.413752 	0.372437 	0.320567 	0.245296 	0.153559 	0.068094 	0.011517 	0.004677 	0.015697 	0.072799 	0.160615 	0.250271 	0.315440 	0.374246 	0.412847 	0.444210 	0.460193 	0.485826 	0.493969 	0.510253 	0.513872 	0.524125 	0.525633 	0.535283 	0.533776 	0.544029 	0.541918 	0.546743 	0.544029 	0.555489 	0.552774 	0.555489 	0.549457 	0.558504 	0.558203 	0.554584 	0.561218 	0.560917 	0.557600 	0.561218 	0.557901 	0.563932 	0.557600 
Q31	0.556081 	0.555293 	0.555818 	0.554242 	0.552666 	0.553980 	0.547413 	0.552929 	0.555293 	0.557132 	0.556344 	0.558182 	0.558182 	0.555556 	0.551090 	0.558445 	0.554242 	0.554768 	0.553454 	0.556081 	0.558708 	0.553980 	0.550827 	0.556869 	0.551878 	0.556869 	0.553717 	0.554505 	0.548989 	0.555293 	0.547675 	0.550827 	0.546887 	0.549251 	0.546099 	0.543998 	0.543210 	0.540058 	0.542422 	0.537956 	0.532703 	0.529551 	0.527975 	0.530339 	0.517205 	0.508800 	0.503021 	0.491463 	0.481481 	0.460205 	0.438928 	0.411348 	0.374836 	0.321776 	0.254768 	0.170712 	0.082007 	0.021815 	0.006399 	0.008125 	0.051484 	0.130812 	0.216102 	0.294458 	0.347255 	0.394011 	0.423168 	0.448122 	0.463094 	0.486735 	0.493827 	0.506173 	0.510901 	0.523509 	0.522984 	0.526661 	0.532966 	0.536118 	0.538219 	0.540583 	0.536380 	0.538744 	0.541371 	0.548989 	0.543473 	0.544786 	0.546887 	0.550039 	0.547938 
D32	0.557804 	0.562110 	0.555436 	0.561464 	0.559096 	0.558881 	0.556297 	0.560172 	0.556943 	0.559311 	0.558019 	0.560172 	0.553929 	0.556082 	0.554790 	0.557589 	0.550700 	0.555005 	0.550269 	0.556943 	0.551346 	0.555005 	0.549193 	0.552853 	0.544241 	0.550700 	0.545963 	0.545748 	0.538859 	0.542304 	0.534769 	0.538213 	0.530248 	0.530248 	0.516254 	0.517976 	0.507212 	0.504198 	0.483961 	0.477287 	0.455544 	0.435522 	0.399569 	0.358019 	0.296448 	0.228633 	0.137589 	0.056103 	0.007115 	0.005313 	0.017307 	0.081507 	0.167406 	0.253606 	0.320129 	0.372228 	0.408827 	0.444995 	0.460926 	0.483531 	0.490205 	0.507427 	0.512809 	0.519914 	0.520775 	0.531970 	0.528956 	0.538859 	0.537783 	0.542519 	0.541442 	0.546394 	0.547470 	0.547901 	0.545102 	0.553068 	0.546394 	0.556943 	0.550054 	0.558235 	0.548762 	0.557589 	0.552422 	0.559957 	0.554790 	0.561033 	0.557804 	0.559526 	0.554360 
K33	0.570824 	0.574211 	0.568283 	0.571247 	0.565530 	0.570824 	0.565530 	0.571247 	0.564683 	0.569553 	0.562566 	0.565530 	0.559602 	0.565319 	0.556003 	0.563413 	0.555156 	0.559602 	0.553885 	0.555156 	0.548169 	0.548380 	0.537370 	0.540335 	0.527631 	0.526360 	0.515562 	0.508999 	0.489731 	0.477451 	0.453314 	0.429388 	0.385348 	0.336227 	0.262545 	0.178128 	0.083909 	0.019735 	0.006276 	0.012255 	0.062016 	0.147173 	0.237349 	0.315477 	0.372645 	0.416473 	0.442727 	0.471099 	0.485285 	0.501800 	0.510269 	0.525937 	0.526784 	0.538006 	0.535465 	0.544993 	0.545628 	0.553462 	0.551980 	0.556003 	0.553250 	0.560872 	0.557061 	0.563201 	0.561719 	0.567859 	0.560661 	0.568706 	0.565530 	0.569765 	0.566377 	0.569553 	0.567224 	0.571671 	0.566589 	0.573576 	0.568918 	0.573153 	0.568495 	0.573788 	0.568706 	0.575270 	0.568918 	0.574635 	0.571035 	0.575482 	0.569977 	0.577811 	0.570400 
E34	0.581270 	0.585928 	0.577593 	0.581760 	0.578083 	0.581025 	0.581270 	0.583722 	0.578083 	0.578083 	0.575631 	0.581025 	0.575386 	0.571954 	0.569747 	0.571954 	0.563373 	0.566806 	0.559941 	0.556754 	0.552096 	0.545232 	0.543270 	0.533219 	0.522922 	0.510174 	0.493994 	0.475362 	0.447904 	0.414072 	0.355234 	0.293699 	0.204928 	0.109978 	0.033096 	0.006842 	0.007372 	0.052930 	0.140500 	0.235327 	0.312822 	0.379014 	0.419711 	0.459917 	0.479039 	0.501839 	0.512626 	0.526845 	0.534935 	0.545232 	0.546457 	0.553322 	0.554303 	0.562393 	0.563128 	0.564844 	0.565825 	0.573180 	0.572444 	0.576122 	0.572444 	0.577593 	0.576367 	0.577102 	0.577593 	0.581760 	0.578083 	0.581270 	0.580780 	0.587154 	0.583231 	0.585683 	0.580534 	0.585928 	0.583476 	0.586909 	0.584212 	0.587644 	0.585928 	0.587644 	0.585192 	0.588380 	0.585683 	0.584702 	0.585928 	0.584702 	0.581270 	0.578328 	0.577838 
G35	0.572012 	0.575332 	0.562564 	0.564607 	0.559499 	0.556180 	0.552094 	0.550562 	0.541879 	0.536772 	0.520684 	0.509448 	0.496680 	0.480337 	0.448927 	0.417518 	0.375638 	0.313585 	0.235215 	0.148034 	0.053703 	0.007819 	0.007191 	0.013603 	0.074617 	0.164454 	0.256895 	0.329673 	0.386619 	0.430031 	0.454290 	0.481869 	0.502298 	0.509448 	0.523493 	0.534985 	0.540347 	0.547753 	0.555924 	0.555158 	0.561287 	0.565373 	0.566905 	0.567160 	0.570480 	0.572012 	0.575332 	0.574821 	0.576098 	0.580184 	0.582482 	0.582482 	0.582737 	0.584270 	0.581971 	0.581205 	0.587589 	0.579928 	0.583248 	0.583248 	0.579673 	0.586057 	0.585291 	0.586823 	0.581716 	0.588100 	0.584780 	0.592952 	0.583759 	0.591675 	0.585546 	0.592952 	0.584270 	0.581971 	0.574566 	0.583759 	0.582737 	0.591675 	0.585546 	0.587334 	0.587079 	0.591420 	0.590654 	0.592697 	0.589632 	0.589122 	0.586823 	0.588611 	0.589377 
I36	0.631048 	0.638156 	0.630589 	0.634717 	0.629443 	0.631736 	0.630819 	0.634488 	0.628067 	0.633570 	0.623252 	0.635863 	0.624398 	0.631048 	0.626691 	0.633570 	0.626920 	0.630819 	0.623481 	0.630131 	0.627608 	0.631277 	0.622334 	0.624169 	0.618207 	0.626233 	0.616372 	0.618665 	0.613621 	0.618436 	0.610410 	0.609264 	0.605595 	0.606742 	0.595735 	0.595506 	0.584270 	0.581977 	0.570970 	0.562715 	0.548498 	0.531071 	0.505159 	0.475808 	0.439807 	0.388443 	0.310021 	0.226806 	0.120569 	0.034235 	0.005618 	0.006579 	0.048819 	0.136276 	0.237560 	0.328824 	0.394634 	0.449438 	0.482000 	0.515249 	0.530612 	0.552855 	0.562027 	0.576703 	0.581518 	0.593213 	0.593213 	0.602155 	0.602385 	0.606742 	0.608347 	0.614079 	0.610640 	0.619583 	0.617978 	0.622105 	0.617519 	0.626691 	0.618895 	0.632653 	0.622564 	0.629672 	0.624857 	0.633112 	0.623710 	0.632424 	0.627608 	0.632424 	0.629213 
D39	0.535879 	0.536998 	0.536500 	0.533764 	0.533640 	0.535381 	0.532148 	0.532894 	0.531402 	0.531650 	0.528417 	0.527422 	0.525557 	0.525432 	0.521826 	0.519836 	0.514364 	0.513493 	0.510136 	0.504912 	0.496456 	0.494341 	0.482030 	0.471583 	0.455043 	0.439000 	0.412013 	0.381296 	0.334411 	0.276209 	0.198607 	0.110509 	0.036724 	0.004279 	0.004180 	0.038814 	0.111814 	0.202089 	0.276707 	0.337271 	0.380798 	0.415122 	0.439000 	0.456784 	0.468225 	0.480786 	0.489491 	0.497451 	0.501803 	0.508519 	0.512747 	0.515359 	0.518219 	0.522199 	0.522447 	0.525059 	0.524935 	0.528168 	0.528914 	0.531277 	0.531277 	0.532645 	0.532396 	0.533516 	0.533764 	0.536127 	0.536998 	0.536500 	0.535879 	0.538739 	0.536998 	0.538490 	0.537744 	0.539858 	0.538615 	0.541599 	0.537868 	0.539983 	0.539858 	0.540107 	0.538863 	0.539858 	0.540231 	0.540107 	0.535381 	0.530655 	0.531153 	0.535008 	0.538615 
Q40	0.567781 	0.570618 	0.569605 	0.572036 	0.568997 	0.569605 	0.564944 	0.567579 	0.564944 	0.569605 	0.564539 	0.567173 	0.565552 	0.565350 	0.561499 	0.563121 	0.560486 	0.560689 	0.557042 	0.560081 	0.554407 	0.555826 	0.549747 	0.546099 	0.545289 	0.542452 	0.536575 	0.532523 	0.524012 	0.517325 	0.506180 	0.496657 	0.481864 	0.465451 	0.440122 	0.404661 	0.358865 	0.298886 	0.216008 	0.124640 	0.041621 	0.005220 	0.005933 	0.029828 	0.106241 	0.195846 	0.282270 	0.345086 	0.396758 	0.434043 	0.458764 	0.481662 	0.494022 	0.507801 	0.515704 	0.528470 	0.530902 	0.535360 	0.542249 	0.541641 	0.548126 	0.550557 	0.551976 	0.556231 	0.557649 	0.558055 	0.558257 	0.561905 	0.559676 	0.562715 	0.563323 	0.564134 	0.565755 	0.565350 	0.564944 	0.567173 	0.566768 	0.568997 	0.570010 	0.569807 	0.566565 	0.570618 	0.568186 	0.568794 	0.571834 	0.572036 	0.570213 	0.571429 	0.568186 
Q41	0.562734 	0.563568 	0.562943 	0.562734 	0.563360 	0.563985 	0.563985 	0.568570 	0.559817 	0.566903 	0.564402 	0.562734 	0.560442 	0.559817 	0.555440 	0.561484 	0.558566 	0.560025 	0.554189 	0.556065 	0.552105 	0.553564 	0.548979 	0.550229 	0.547937 	0.546478 	0.543351 	0.539600 	0.533556 	0.536265 	0.529179 	0.524594 	0.518549 	0.510004 	0.499583 	0.481034 	0.464152 	0.440600 	0.408920 	0.371196 	0.310129 	0.233847 	0.137203 	0.056211 	0.004756 	0.003879 	0.030950 	0.105377 	0.193602 	0.278033 	0.343268 	0.396207 	0.430805 	0.458316 	0.478950 	0.492288 	0.503752 	0.509379 	0.517924 	0.527720 	0.530638 	0.534598 	0.538349 	0.540642 	0.547103 	0.547728 	0.547311 	0.554189 	0.553564 	0.556690 	0.558566 	0.556690 	0.560233 	0.557524 	0.555857 	0.560859 	0.560442 	0.559400 	0.560442 	0.565236 	0.559817 	0.567528 	0.560650 	0.559817 	0.561901 	0.565861 	0.564610 	0.562943 	0.565027 
R42	0.590531 	0.591006 	0.589579 	0.587438 	0.581489 	0.581489 	0.575541 	0.588389 	0.586486 	0.590531 	0.587675 	0.593148 	0.587200 	0.588865 	0.591006 	0.589103 	0.585296 	0.585772 	0.584107 	0.586248 	0.589341 	0.584107 	0.584582 	0.584820 	0.583155 	0.585058 	0.582203 	0.580776 	0.580776 	0.580062 	0.579586 	0.577921 	0.572924 	0.576731 	0.573638 	0.577207 	0.569593 	0.571021 	0.570069 	0.565548 	0.563169 	0.557697 	0.556745 	0.551511 	0.542708 	0.534856 	0.524863 	0.511777 	0.495598 	0.479182 	0.450393 	0.414704 	0.366643 	0.300262 	0.215989 	0.117916 	0.037473 	0.007121 	0.006291 	0.052629 	0.132976 	0.227647 	0.308113 	0.376874 	0.420414 	0.456341 	0.477278 	0.503450 	0.512015 	0.526767 	0.532715 	0.542470 	0.547704 	0.556269 	0.560790 	0.562455 	0.564835 	0.572448 	0.566024 	0.575541 	0.574352 	0.575541 	0.577921 	0.580300 	0.579110 	0.577683 	0.579586 	0.586010 	0.580776 
L43	0.582114 	0.581117 	0.581117 	0.580452 	0.577460 	0.578457 	0.575133 	0.572806 	0.569149 	0.572141 	0.569814 	0.577460 	0.576130 	0.580120 	0.581117 	0.582447 	0.577460 	0.579787 	0.579787 	0.574801 	0.575798 	0.573138 	0.574136 	0.579122 	0.576795 	0.576463 	0.572141 	0.574468 	0.572141 	0.575798 	0.571144 	0.572141 	0.569814 	0.569481 	0.569149 	0.565824 	0.563830 	0.563497 	0.563165 	0.564827 	0.561835 	0.561170 	0.552527 	0.551529 	0.548537 	0.545878 	0.541888 	0.532247 	0.523271 	0.516290 	0.504322 	0.494348 	0.471742 	0.454122 	0.419880 	0.379987 	0.322440 	0.261203 	0.162699 	0.075798 	0.016513 	0.004139 	0.008777 	0.050000 	0.132746 	0.222872 	0.296310 	0.357380 	0.401263 	0.438830 	0.463431 	0.485372 	0.501995 	0.514628 	0.526928 	0.529255 	0.538231 	0.543551 	0.545545 	0.551529 	0.555519 	0.555519 	0.557846 	0.559176 	0.561170 	0.568484 	0.565492 	0.566157 	0.564827 
I44	0.586471 	0.586165 	0.586777 	0.570248 	0.575451 	0.588919 	0.591062 	0.579431 	0.587389 	0.584022 	0.581573 	0.583104 	0.582798 	0.581879 	0.580043 	0.588001 	0.583410 	0.588307 	0.586165 	0.585246 	0.582492 	0.578512 	0.582185 	0.588307 	0.584328 	0.575758 	0.578206 	0.585552 	0.578512 	0.580043 	0.579737 	0.581573 	0.572697 	0.569024 	0.570554 	0.566575 	0.567187 	0.562902 	0.555556 	0.561065 	0.557392 	0.540863 	0.540251 	0.539945 	0.518519 	0.510254 	0.486073 	0.474135 	0.437710 	0.401286 	0.338843 	0.257147 	0.178359 	0.081298 	0.015366 	0.006605 	0.012660 	0.073309 	0.161096 	0.253260 	0.335782 	0.387205 	0.432507 	0.472299 	0.482094 	0.510560 	0.519131 	0.529844 	0.533823 	0.546373 	0.545761 	0.554331 	0.558923 	0.561983 	0.559535 	0.567799 	0.572391 	0.566881 	0.579431 	0.577594 	0.580349 	0.576982 	0.579431 	0.579737 	0.574533 	0.576370 	0.578206 	0.580655 	0.579431 
F45	0.577173 	0.577939 	0.575642 	0.575642 	0.575450 	0.574301 	0.573535 	0.568748 	0.566641 	0.568748 	0.575450 	0.575642 	0.577173 	0.579280 	0.574684 	0.578322 	0.574301 	0.573918 	0.574301 	0.574301 	0.572578 	0.573727 	0.570280 	0.571620 	0.572769 	0.572961 	0.572578 	0.572769 	0.571620 	0.569897 	0.569514 	0.569897 	0.566641 	0.566450 	0.567407 	0.565109 	0.562811 	0.563577 	0.559364 	0.560896 	0.554768 	0.556492 	0.552662 	0.549023 	0.546151 	0.541938 	0.534661 	0.529491 	0.522022 	0.510724 	0.498660 	0.479701 	0.461126 	0.432018 	0.393336 	0.345462 	0.275565 	0.189889 	0.098870 	0.028284 	0.006750 	0.008382 	0.053294 	0.136921 	0.228648 	0.310417 	0.367675 	0.411145 	0.444274 	0.470318 	0.486787 	0.502489 	0.514554 	0.522788 	0.531214 	0.537725 	0.540597 	0.548640 	0.549789 	0.553236 	0.556300 	0.556300 	0.558981 	0.563577 	0.558024 	0.563577 	0.563769 	0.565109 	0.567024 
A46	0.528475 	0.529831 	0.526780 	0.525424 	0.532203 	0.527797 	0.527458 	0.524746 	0.530169 	0.528136 	0.531186 	0.529153 	0.527797 	0.530508 	0.527797 	0.529153 	0.530508 	0.530847 	0.527797 	0.530508 	0.531525 	0.529153 	0.527119 	0.527797 	0.526780 	0.524068 	0.526102 	0.527119 	0.524068 	0.521695 	0.519661 	0.520000 	0.525763 	0.527119 	0.526780 	0.524407 	0.526780 	0.526441 	0.525424 	0.527458 	0.523051 	0.522373 	0.525763 	0.526102 	0.522712 	0.521695 	0.524068 	0.522373 	0.521017 	0.519661 	0.526441 	0.524407 	0.522712 	0.520678 	0.522373 	0.520339 	0.516610 	0.521356 	0.516949 	0.514915 	0.512881 	0.514576 	0.511864 	0.510169 	0.507797 	0.505424 	0.496610 	0.497966 	0.493559 	0.487797 	0.482034 	0.471864 	0.466102 	0.453898 	0.434237 	0.418644 	0.389831 	0.346102 	0.295153 	0.222169 	0.140305 	0.054339 	0.015095 	0.002415 	0.018956 	0.084169 	0.167966 	0.250746 	0.316644 
G47	0.364821 	0.304313 	0.227873 	0.138494 	0.053508 	0.011434 	0.008381 	0.041761 	0.111474 	0.203090 	0.286611 	0.350177 	0.394593 	0.430480 	0.453975 	0.473125 	0.488413 	0.499678 	0.509012 	0.515932 	0.522691 	0.526392 	0.530415 	0.534599 	0.537013 	0.539105 	0.542163 	0.545220 	0.544255 	0.548117 	0.547634 	0.548600 	0.550048 	0.551497 	0.552784 	0.551979 	0.552945 	0.554393 	0.552945 	0.553911 	0.556003 	0.554715 	0.555681 	0.556003 	0.558095 	0.556646 	0.555520 	0.556968 	0.557612 	0.556968 	0.560830 	0.558256 	0.559221 	0.559060 	0.560348 	0.558577 	0.557612 	0.547634 	0.549726 	0.552140 	0.556807 	0.558095 	0.558899 	0.558577 	0.559221 	0.561635 	0.561313 	0.560509 	0.560669 	0.560026 	0.560830 	0.561152 	0.560187 	0.560991 	0.561474 	0.560830 	0.560509 	0.561152 	0.562440 	0.564210 	0.561474 	0.560669 	0.560348 	0.562601 	0.561635 	0.562601 	0.559704 	0.559060 	0.562118 
R48	0.558140 	0.561911 	0.554578 	0.563796 	0.569034 	0.571339 	0.572596 	0.573643 	0.569872 	0.570501 	0.566101 	0.568196 	0.565263 	0.569034 	0.564425 	0.570082 	0.562749 	0.569663 	0.565053 	0.568406 	0.558768 	0.564844 	0.560444 	0.562330 	0.560863 	0.561911 	0.557930 	0.561492 	0.556044 	0.558140 	0.560863 	0.553740 	0.549759 	0.550178 	0.547454 	0.543474 	0.540331 	0.541798 	0.531113 	0.526922 	0.518751 	0.512885 	0.500314 	0.492772 	0.470773 	0.454850 	0.425938 	0.394301 	0.340247 	0.278022 	0.190572 	0.098177 	0.027949 	0.002347 	0.002745 	0.035449 	0.111397 	0.203226 	0.283050 	0.346114 	0.392625 	0.431594 	0.449193 	0.471821 	0.488791 	0.505971 	0.512675 	0.524199 	0.521894 	0.532998 	0.539493 	0.539493 	0.543264 	0.549550 	0.549131 	0.552064 	0.550597 	0.557301 	0.556254 	0.556673 	0.554368 	0.560235 	0.560235 	0.561701 	0.558559 	0.561911 	0.562120 	0.562120 	0.560654 
Q49	0.570818 	0.569355 	0.567780 	0.568005 	0.563843 	0.559681 	0.557881 	0.562718 	0.569355 	0.568343 	0.568118 	0.568455 	0.566543 	0.567555 	0.566880 	0.567668 	0.566655 	0.567555 	0.565643 	0.565418 	0.564743 	0.565305 	0.565305 	0.565418 	0.564630 	0.564630 	0.564743 	0.563843 	0.561930 	0.561255 	0.561143 	0.562043 	0.558331 	0.559006 	0.557993 	0.556981 	0.553943 	0.551243 	0.550793 	0.548993 	0.543481 	0.540443 	0.537518 	0.533806 	0.527506 	0.521431 	0.512431 	0.503544 	0.489481 	0.473732 	0.449882 	0.421982 	0.381370 	0.327033 	0.254922 	0.163235 	0.072314 	0.012330 	0.006454 	0.020587 	0.084441 	0.177973 	0.263809 	0.336033 	0.386995 	0.426370 	0.453257 	0.473619 	0.489931 	0.504556 	0.514231 	0.522556 	0.528743 	0.533918 	0.537293 	0.540443 	0.545843 	0.550231 	0.548881 	0.551581 	0.553381 	0.557656 	0.557543 	0.558218 	0.558331 	0.560130 	0.562380 	0.562605 	0.561143 
L50	0.573141 	0.574917 	0.568923 	0.570477 	0.571365 	0.572697 	0.571365 	0.573585 	0.568036 	0.569589 	0.565594 	0.562042 	0.562708 	0.569811 	0.567814 	0.573141 	0.567592 	0.570255 	0.570477 	0.570477 	0.570477 	0.569811 	0.570255 	0.570033 	0.569367 	0.568257 	0.566926 	0.566926 	0.570255 	0.564928 	0.566704 	0.567148 	0.566260 	0.566260 	0.560932 	0.560710 	0.558713 	0.561376 	0.559822 	0.560488 	0.555161 	0.554495 	0.555383 	0.551387 	0.550943 	0.545616 	0.544284 	0.535849 	0.538735 	0.532297 	0.522531 	0.516759 	0.505216 	0.492342 	0.477469 	0.452386 	0.427081 	0.390011 	0.338735 	0.265705 	0.181532 	0.090966 	0.027880 	0.005758 	0.010402 	0.064573 	0.149145 	0.237070 	0.309656 	0.368479 	0.414206 	0.443285 	0.469034 	0.489900 	0.501665 	0.513208 	0.523418 	0.528968 	0.535183 	0.536515 	0.543840 	0.545616 	0.548502 	0.548502 	0.549390 	0.554495 	0.558713 	0.559378 	0.559156 
E51	0.596346 	0.595871 	0.598719 	0.594210 	0.589464 	0.585904 	0.588277 	0.596108 	0.597532 	0.596108 	0.597295 	0.597769 	0.597057 	0.593498 	0.596346 	0.598481 	0.593498 	0.597295 	0.590888 	0.595634 	0.593023 	0.595396 	0.596108 	0.591837 	0.591362 	0.591837 	0.591599 	0.588514 	0.588040 	0.586379 	0.588752 	0.586141 	0.585192 	0.583531 	0.584718 	0.581395 	0.578310 	0.577836 	0.574514 	0.572140 	0.569056 	0.567869 	0.560275 	0.554817 	0.548410 	0.537494 	0.528002 	0.513052 	0.498813 	0.476032 	0.448980 	0.405553 	0.355719 	0.282392 	0.193332 	0.095895 	0.025273 	0.004886 	0.013348 	0.064665 	0.154177 	0.247508 	0.328429 	0.390840 	0.433318 	0.466540 	0.489796 	0.510679 	0.528477 	0.537494 	0.542240 	0.553868 	0.558614 	0.563598 	0.570005 	0.568818 	0.571666 	0.578548 	0.575937 	0.584243 	0.581158 	0.585904 	0.584243 	0.587328 	0.591837 	0.589226 	0.589226 	0.588277 	0.588277 
D52	0.608985 	0.616383 	0.606519 	0.611558 	0.607913 	0.613917 	0.607698 	0.612844 	0.609842 	0.611022 	0.606411 	0.612201 	0.602981 	0.609199 	0.606840 	0.610164 	0.603731 	0.607805 	0.602766 	0.606626 	0.601051 	0.602873 	0.599871 	0.604160 	0.597191 	0.598049 	0.594618 	0.598692 	0.590865 	0.594618 	0.587220 	0.590222 	0.580465 	0.582181 	0.575319 	0.573711 	0.562989 	0.559237 	0.545406 	0.537472 	0.519352 	0.505629 	0.478718 	0.451699 	0.403881 	0.348451 	0.272649 	0.179265 	0.080079 	0.016329 	0.009002 	0.012255 	0.076005 	0.167578 	0.262678 	0.340410 	0.399271 	0.447518 	0.477324 	0.501769 	0.518495 	0.535649 	0.544226 	0.559558 	0.563096 	0.572639 	0.574783 	0.583038 	0.581430 	0.588614 	0.586684 	0.593438 	0.593760 	0.595904 	0.595690 	0.600622 	0.597941 	0.602659 	0.599871 	0.603088 	0.603624 	0.606626 	0.603088 	0.608985 	0.605018 	0.609842 	0.606519 	0.607805 	0.605875 
R54	0.582105 	0.586405 	0.583538 	0.585995 	0.580262 	0.583333 	0.580876 	0.585381 	0.579648 	0.581491 	0.577396 	0.582719 	0.580057 	0.581491 	0.576986 	0.580876 	0.577805 	0.579034 	0.576781 	0.578829 	0.578624 	0.576577 	0.574734 	0.577805 	0.567568 	0.570844 	0.564087 	0.565930 	0.562449 	0.564292 	0.553235 	0.554464 	0.547912 	0.541974 	0.540541 	0.532146 	0.525389 	0.516790 	0.495905 	0.478706 	0.453522 	0.425880 	0.382678 	0.324529 	0.248157 	0.159111 	0.070127 	0.014152 	0.006923 	0.012936 	0.068776 	0.159439 	0.250819 	0.324734 	0.382473 	0.428542 	0.457821 	0.481982 	0.496929 	0.515152 	0.519656 	0.533170 	0.537265 	0.542383 	0.551188 	0.556306 	0.559787 	0.560606 	0.561425 	0.566544 	0.564906 	0.572482 	0.567568 	0.573301 	0.571867 	0.576167 	0.569206 	0.581695 	0.573505 	0.576167 	0.577396 	0.581081 	0.578829 	0.588247 	0.577600 	0.581695 	0.578829 	0.586200 	0.576986 
T55	0.544802 	0.545297 	0.539604 	0.540099 	0.533911 	0.531683 	0.524752 	0.522525 	0.511139 	0.507426 	0.499257 	0.486386 	0.467822 	0.447277 	0.419802 	0.389109 	0.340099 	0.277228 	0.195817 	0.109208 	0.040743 	0.003733 	0.004757 	0.024104 	0.085149 	0.171337 	0.252723 	0.321040 	0.372525 	0.412376 	0.440347 	0.462871 	0.479455 	0.490099 	0.503218 	0.515842 	0.521535 	0.524257 	0.526485 	0.530693 	0.537871 	0.539851 	0.542822 	0.545545 	0.545792 	0.552970 	0.548267 	0.552723 	0.550495 	0.556188 	0.553713 	0.557921 	0.559653 	0.558416 	0.557426 	0.561386 	0.561139 	0.561634 	0.559653 	0.557921 	0.559158 	0.563119 	0.560644 	0.565347 	0.563861 	0.564109 	0.561139 	0.562376 	0.565347 	0.564604 	0.560644 	0.564356 	0.562129 	0.555198 	0.552228 	0.557178 	0.558911 	0.566337 	0.565099 	0.566584 	0.562871 	0.565099 	0.566584 	0.567574 	0.565347 	0.565842 	0.564109 	0.563861 	0.566584 
L56	0.550860 	0.543918 	0.554784 	0.549653 	0.555690 	0.543314 	0.547842 	0.547238 	0.545729 	0.543314 	0.549653 	0.541503 	0.549955 	0.547238 	0.541503 	0.539692 	0.546031 	0.542107 	0.541201 	0.540598 	0.544522 	0.548747 	0.547238 	0.531844 	0.534561 	0.536070 	0.530033 	0.524298 	0.518865 	0.518563 	0.520374 	0.506188 	0.509206 	0.491096 	0.481739 	0.466043 	0.445518 	0.423483 	0.391488 	0.343797 	0.283670 	0.190251 	0.097404 	0.019786 	0.004117 	0.003978 	0.041684 	0.123453 	0.214488 	0.293782 	0.349532 	0.388772 	0.422880 	0.447932 	0.465137 	0.487775 	0.499849 	0.500755 	0.505886 	0.523996 	0.522185 	0.532146 	0.527920 	0.526411 	0.532750 	0.536674 	0.536674 	0.535768 	0.538485 	0.540899 	0.543314 	0.545729 	0.540899 	0.549049 	0.543616 	0.541201 	0.546031 	0.545125 	0.548144 	0.553879 	0.549955 	0.547842 	0.547238 	0.546634 	0.543616 	0.546031 	0.549653 	0.553879 	0.549955 
S57	0.560475 	0.555115 	0.553950 	0.558844 	0.554882 	0.550687 	0.553018 	0.552086 	0.546027 	0.549988 	0.546726 	0.546027 	0.542531 	0.542997 	0.540433 	0.536006 	0.533675 	0.532976 	0.527150 	0.523887 	0.512934 	0.504311 	0.493125 	0.482405 	0.467490 	0.448613 	0.421813 	0.384526 	0.334188 	0.266838 	0.184689 	0.093335 	0.023631 	0.006658 	0.009553 	0.056024 	0.140783 	0.230086 	0.305523 	0.362619 	0.405034 	0.437194 	0.456537 	0.476579 	0.487066 	0.501515 	0.509904 	0.515265 	0.523654 	0.530412 	0.533209 	0.537171 	0.534141 	0.540667 	0.543463 	0.543696 	0.545794 	0.545560 	0.545094 	0.546959 	0.547425 	0.554416 	0.550921 	0.553484 	0.555581 	0.559077 	0.557446 	0.556514 	0.559543 	0.556747 	0.557213 	0.556048 	0.558378 	0.559543 	0.563505 	0.558611 	0.557213 	0.560009 	0.558145 	0.560242 	0.561641 	0.563505 	0.564437 	0.562573 	0.552552 	0.553251 	0.552319 	0.556980 	0.558145 
D58	0.538395 	0.535575 	0.535792 	0.534273 	0.534924 	0.537093 	0.531887 	0.533623 	0.527983 	0.521475 	0.532755 	0.533406 	0.535358 	0.536876 	0.534924 	0.532104 	0.533406 	0.535358 	0.533189 	0.534056 	0.532321 	0.538829 	0.531453 	0.529935 	0.528850 	0.531887 	0.534490 	0.529501 	0.526464 	0.530369 	0.529501 	0.531887 	0.529067 	0.526681 	0.527766 	0.525163 	0.525163 	0.524946 	0.523427 	0.520607 	0.518438 	0.514967 	0.517354 	0.509544 	0.507592 	0.505640 	0.497397 	0.495228 	0.488286 	0.475488 	0.465293 	0.451410 	0.430586 	0.409111 	0.374187 	0.332538 	0.271150 	0.197267 	0.114013 	0.034859 	0.001618 	0.000456 	0.020445 	0.088720 	0.173102 	0.252495 	0.315401 	0.363341 	0.398698 	0.426464 	0.445119 	0.462473 	0.470065 	0.481779 	0.486985 	0.493275 	0.498915 	0.506291 	0.507375 	0.513883 	0.512581 	0.519523 	0.518872 	0.523427 	0.519957 	0.523427 	0.523427 	0.531020 	0.524512 
Y59	0.571034 	0.574483 	0.567126 	0.572414 	0.569195 	0.571494 	0.564828 	0.568276 	0.563678 	0.568046 	0.562759 	0.565517 	0.561149 	0.565747 	0.561609 	0.563908 	0.554713 	0.560920 	0.555632 	0.557241 	0.551034 	0.549425 	0.543448 	0.545057 	0.534713 	0.532644 	0.520690 	0.522299 	0.500690 	0.491034 	0.470345 	0.453563 	0.415402 	0.382989 	0.320920 	0.249195 	0.151402 	0.061862 	0.013002 	0.008271 	0.023816 	0.092828 	0.184345 	0.272874 	0.339080 	0.389425 	0.429655 	0.459770 	0.479080 	0.497471 	0.506667 	0.518851 	0.520690 	0.531034 	0.536782 	0.543908 	0.542759 	0.553563 	0.547356 	0.554253 	0.551264 	0.562299 	0.556782 	0.563908 	0.561609 	0.567586 	0.562989 	0.568046 	0.564828 	0.569655 	0.566667 	0.569425 	0.566667 	0.570805 	0.571264 	0.572874 	0.569655 	0.574253 	0.570115 	0.572414 	0.571954 	0.573563 	0.570345 	0.572414 	0.573563 	0.573793 	0.569885 	0.574713 	0.568966 
N60	0.552396 	0.555979 	0.551500 	0.556650 	0.549261 	0.555307 	0.549933 	0.553068 	0.547694 	0.553292 	0.547246 	0.552396 	0.547022 	0.543887 	0.545902 	0.548142 	0.540752 	0.542544 	0.541200 	0.539409 	0.536274 	0.536274 	0.530004 	0.529781 	0.519704 	0.518585 	0.505822 	0.503359 	0.491715 	0.483654 	0.462382 	0.450739 	0.417376 	0.384236 	0.332960 	0.271384 	0.192253 	0.103090 	0.032893 	0.006935 	0.006585 	0.041738 	0.118854 	0.209225 	0.287506 	0.349306 	0.391178 	0.426780 	0.448948 	0.472235 	0.486341 	0.498880 	0.506941 	0.514330 	0.514554 	0.521720 	0.523735 	0.531348 	0.533587 	0.538289 	0.537170 	0.540528 	0.539857 	0.543215 	0.543439 	0.547470 	0.546574 	0.550157 	0.547246 	0.551276 	0.546574 	0.549933 	0.549485 	0.555307 	0.554411 	0.555083 	0.549037 	0.561352 	0.549709 	0.560457 	0.548365 	0.556650 	0.555755 	0.561576 	0.555755 	0.558665 	0.553739 	0.559561 	0.553963 
I61	0.558619 	0.561848 	0.558619 	0.562345 	0.557129 	0.559116 	0.557874 	0.561600 	0.557129 	0.559613 	0.556880 	0.557625 	0.556384 	0.559861 	0.557874 	0.555887 	0.555638 	0.557625 	0.556632 	0.554893 	0.552409 	0.553900 	0.550174 	0.549180 	0.548684 	0.546200 	0.542474 	0.544461 	0.538251 	0.539990 	0.533284 	0.527571 	0.522603 	0.520864 	0.513910 	0.506458 	0.496274 	0.479881 	0.463239 	0.440139 	0.409091 	0.369846 	0.312221 	0.241307 	0.149528 	0.063040 	0.013395 	0.003433 	0.022062 	0.084948 	0.175360 	0.260805 	0.324640 	0.383259 	0.414804 	0.448584 	0.464481 	0.484600 	0.494039 	0.510929 	0.514903 	0.524093 	0.524342 	0.529309 	0.532787 	0.537009 	0.539742 	0.543716 	0.541729 	0.549677 	0.548187 	0.550174 	0.548435 	0.552409 	0.547442 	0.555390 	0.550919 	0.555142 	0.552906 	0.556135 	0.554148 	0.555142 	0.554148 	0.558619 	0.558122 	0.560358 	0.558619 	0.558122 	0.559613 
Q62	0.600322 	0.600322 	0.599571 	0.598820 	0.597318 	0.597747 	0.598712 	0.597532 	0.592275 	0.590236 	0.590021 	0.595279 	0.597425 	0.599678 	0.599785 	0.598820 	0.598069 	0.598605 	0.599034 	0.597639 	0.596888 	0.597961 	0.597103 	0.597532 	0.595386 	0.596674 	0.595708 	0.595494 	0.595708 	0.594206 	0.595172 	0.592918 	0.592597 	0.591309 	0.590236 	0.590665 	0.589807 	0.588519 	0.587017 	0.585193 	0.584120 	0.581760 	0.579828 	0.577146 	0.574249 	0.571137 	0.564807 	0.560622 	0.552253 	0.544528 	0.535193 	0.525000 	0.509764 	0.494635 	0.470601 	0.438412 	0.393562 	0.331974 	0.250644 	0.148927 	0.056298 	0.005664 	0.008038 	0.051781 	0.138090 	0.242275 	0.326288 	0.389592 	0.435086 	0.470064 	0.495386 	0.514270 	0.527682 	0.540236 	0.549893 	0.556760 	0.561695 	0.567918 	0.570064 	0.574034 	0.578112 	0.579399 	0.582189 	0.584013 	0.584442 	0.587124 	0.588948 	0.589270 	0.588197 
K63	0.568717 	0.575984 	0.572405 	0.575334 	0.574032 	0.575550 	0.572296 	0.576418 	0.572079 	0.574900 	0.572079 	0.573815 	0.570886 	0.574683 	0.569801 	0.570886 	0.569693 	0.573273 	0.567741 	0.571212 	0.567632 	0.570561 	0.566222 	0.568717 	0.564703 	0.567090 	0.561883 	0.562425 	0.557002 	0.559714 	0.556785 	0.554941 	0.550385 	0.550927 	0.543768 	0.541924 	0.533897 	0.533247 	0.520555 	0.516000 	0.501573 	0.489316 	0.467730 	0.445601 	0.409372 	0.367176 	0.307734 	0.232997 	0.141881 	0.056893 	0.011238 	0.004615 	0.024623 	0.087233 	0.176266 	0.265647 	0.333116 	0.388003 	0.426402 	0.455472 	0.474780 	0.494956 	0.505261 	0.518061 	0.523484 	0.532487 	0.535308 	0.543551 	0.544745 	0.550710 	0.551144 	0.556243 	0.555700 	0.559605 	0.559171 	0.564595 	0.563619 	0.566113 	0.564378 	0.568174 	0.564486 	0.569151 	0.567632 	0.569585 	0.569585 	0.571429 	0.569042 	0.572079 	0.569042 
E64	0.560829 	0.559269 	0.556150 	0.563503 	0.555481 	0.560383 	0.555258 	0.559269 	0.555927 	0.557709 	0.552807 	0.554144 	0.548574 	0.554590 	0.549465 	0.548574 	0.543895 	0.548128 	0.535651 	0.537879 	0.529189 	0.531417 	0.524510 	0.517157 	0.507353 	0.500000 	0.485740 	0.473485 	0.447193 	0.422906 	0.384358 	0.335561 	0.266488 	0.184603 	0.091355 	0.026092 	0.007128 	0.014071 	0.060361 	0.147839 	0.232398 	0.310160 	0.364973 	0.409537 	0.434046 	0.460561 	0.476827 	0.494207 	0.503565 	0.511586 	0.515374 	0.528743 	0.530303 	0.538993 	0.537879 	0.545677 	0.542558 	0.545900 	0.548574 	0.553476 	0.548797 	0.556150 	0.552362 	0.555481 	0.554813 	0.559715 	0.554367 	0.561497 	0.555481 	0.561052 	0.555481 	0.562611 	0.559715 	0.563725 	0.556595 	0.563948 	0.559492 	0.561943 	0.561720 	0.564394 	0.562834 	0.563725 	0.561720 	0.565285 	0.559938 	0.565062 	0.561275 	0.560606 	0.553253 
S65	0.546119 	0.552824 	0.549370 	0.554043 	0.546729 	0.553434 	0.546526 	0.551808 	0.544291 	0.546932 	0.544900 	0.545713 	0.541040 	0.547338 	0.541650 	0.543072 	0.532710 	0.539415 	0.529460 	0.532507 	0.522145 	0.525599 	0.516457 	0.516457 	0.503454 	0.499594 	0.481512 	0.476229 	0.454287 	0.432345 	0.399837 	0.365908 	0.306176 	0.235880 	0.147948 	0.065441 	0.008369 	0.007855 	0.020947 	0.082446 	0.164364 	0.253149 	0.316335 	0.376676 	0.408167 	0.441690 	0.460179 	0.479886 	0.485778 	0.502032 	0.502438 	0.519707 	0.515035 	0.527428 	0.526006 	0.535351 	0.531288 	0.539415 	0.535758 	0.545307 	0.539212 	0.545713 	0.542462 	0.546932 	0.543681 	0.549573 	0.545510 	0.553027 	0.546323 	0.551605 	0.548151 	0.553637 	0.548354 	0.556278 	0.550183 	0.558106 	0.548151 	0.555668 	0.552824 	0.556278 	0.553434 	0.557294 	0.547745 	0.557294 	0.552418 	0.557091 	0.550996 	0.558716 	0.545916 
T66	0.568606 	0.570560 	0.570017 	0.568932 	0.568606 	0.567086 	0.567738 	0.567955 	0.567086 	0.566327 	0.566544 	0.565458 	0.564155 	0.564481 	0.562961 	0.562961 	0.560682 	0.560790 	0.560573 	0.559053 	0.556882 	0.554603 	0.554060 	0.551889 	0.551020 	0.547981 	0.544616 	0.540599 	0.535172 	0.529527 	0.524099 	0.516717 	0.505211 	0.490664 	0.472102 	0.452996 	0.422058 	0.384607 	0.328702 	0.258793 	0.170973 	0.077030 	0.015436 	0.007711 	0.014677 	0.081003 	0.169344 	0.260204 	0.330873 	0.386127 	0.422601 	0.455601 	0.474707 	0.492727 	0.503691 	0.516500 	0.524642 	0.530069 	0.534954 	0.541142 	0.544182 	0.548307 	0.548632 	0.553191 	0.553734 	0.557751 	0.556448 	0.558511 	0.559162 	0.561550 	0.562419 	0.565675 	0.563938 	0.565350 	0.564698 	0.568281 	0.565458 	0.567521 	0.567412 	0.568172 	0.568063 	0.567955 	0.568281 	0.569040 	0.568606 	0.570126 	0.570234 	0.571211 	0.569692 
L67	0.593821 	0.596423 	0.590894 	0.595122 	0.591870 	0.591220 	0.588618 	0.596423 	0.593496 	0.593821 	0.587967 	0.594472 	0.592195 	0.593496 	0.591870 	0.586667 	0.581789 	0.584390 	0.590894 	0.594472 	0.588943 	0.595122 	0.592846 	0.595447 	0.586667 	0.593821 	0.595772 	0.591545 	0.591870 	0.591870 	0.586341 	0.590244 	0.590894 	0.590894 	0.589919 	0.588943 	0.590244 	0.588943 	0.583740 	0.589919 	0.585366 	0.583740 	0.582439 	0.582764 	0.576911 	0.579187 	0.579187 	0.578862 	0.577886 	0.572033 	0.569431 	0.568455 	0.559024 	0.559675 	0.549268 	0.545691 	0.532033 	0.523252 	0.510894 	0.500163 	0.479675 	0.456911 	0.414634 	0.370732 	0.303870 	0.222894 	0.124976 	0.039772 	0.005415 	0.001994 	0.037854 	0.122764 	0.217886 	0.303057 	0.367154 	0.419837 	0.453333 	0.482927 	0.497236 	0.519675 	0.532683 	0.537886 	0.544390 	0.553821 	0.556748 	0.564228 	0.566829 	0.570407 	0.569431 
H68	0.593412 	0.595986 	0.589552 	0.591096 	0.583891 	0.592126 	0.587751 	0.594442 	0.589038 	0.589295 	0.588008 	0.591868 	0.588780 	0.592898 	0.582090 	0.589810 	0.584920 	0.590582 	0.584406 	0.588266 	0.582862 	0.589295 	0.581318 	0.583634 	0.578230 	0.580288 	0.574112 	0.575656 	0.569480 	0.573083 	0.567422 	0.568966 	0.554812 	0.560731 	0.547607 	0.546320 	0.530880 	0.526248 	0.509007 	0.502573 	0.474009 	0.449563 	0.404786 	0.359496 	0.286927 	0.199022 	0.102136 	0.028616 	0.007123 	0.010466 	0.051698 	0.134354 	0.225219 	0.309830 	0.369532 	0.422285 	0.452136 	0.484817 	0.498456 	0.517756 	0.525476 	0.537056 	0.542975 	0.557643 	0.553268 	0.564848 	0.562275 	0.572054 	0.567164 	0.575142 	0.571024 	0.575656 	0.576171 	0.582862 	0.580031 	0.583634 	0.584920 	0.586464 	0.580288 	0.586979 	0.582347 	0.593412 	0.583634 	0.592640 	0.586979 	0.590839 	0.585950 	0.592383 	0.586464 
L69	0.576253 	0.574996 	0.576073 	0.576253 	0.573558 	0.571942 	0.563858 	0.564936 	0.568529 	0.575714 	0.573738 	0.574816 	0.573199 	0.578229 	0.571583 	0.574457 	0.572481 	0.575175 	0.569607 	0.574457 	0.569786 	0.575894 	0.571942 	0.571762 	0.569966 	0.573558 	0.568170 	0.571583 	0.568170 	0.569786 	0.567990 	0.567810 	0.565655 	0.568170 	0.563499 	0.564397 	0.558829 	0.562242 	0.557751 	0.558470 	0.552183 	0.553440 	0.544458 	0.543920 	0.537992 	0.535836 	0.524340 	0.520029 	0.505838 	0.492366 	0.477816 	0.455721 	0.425184 	0.382791 	0.325130 	0.250943 	0.159745 	0.070613 	0.009285 	0.006440 	0.016837 	0.080133 	0.170505 	0.259925 	0.331238 	0.387282 	0.427160 	0.460571 	0.475121 	0.496138 	0.507634 	0.521825 	0.526495 	0.532244 	0.536375 	0.546973 	0.544638 	0.551823 	0.553799 	0.557392 	0.555416 	0.558290 	0.559547 	0.564577 	0.563858 	0.564577 	0.562960 	0.569966 	0.567092 
V70	0.574147 	0.576563 	0.569314 	0.575657 	0.569918 	0.578375 	0.570825 	0.573543 	0.569314 	0.570220 	0.571731 	0.570825 	0.567200 	0.566596 	0.562368 	0.575355 	0.573543 	0.575355 	0.572637 	0.573543 	0.566898 	0.570825 	0.569918 	0.569918 	0.569918 	0.573241 	0.565690 	0.571429 	0.562368 	0.566898 	0.567804 	0.568710 	0.565086 	0.568408 	0.565992 	0.564784 	0.562670 	0.564482 	0.562066 	0.556931 	0.556931 	0.556327 	0.550287 	0.552401 	0.548475 	0.548173 	0.546361 	0.547569 	0.537904 	0.540320 	0.529447 	0.525219 	0.509514 	0.504983 	0.488372 	0.472667 	0.454847 	0.434914 	0.403805 	0.360918 	0.308366 	0.239233 	0.146512 	0.067563 	0.011429 	0.002002 	0.006638 	0.044065 	0.116823 	0.205195 	0.278979 	0.344609 	0.390516 	0.429477 	0.450921 	0.472063 	0.488070 	0.503171 	0.510722 	0.527333 	0.528239 	0.531863 	0.540924 	0.545455 	0.543944 	0.549079 	0.551797 	0.555723 	0.553005 
L71	0.558518 	0.566704 	0.556084 	0.552987 	0.554314 	0.553982 	0.559292 	0.564381 	0.558518 	0.566040 	0.562500 	0.563385 	0.562279 	0.564491 	0.556748 	0.565819 	0.563053 	0.559403 	0.560951 	0.556969 	0.561173 	0.560509 	0.557854 	0.568142 	0.558850 	0.565376 	0.557633 	0.558296 	0.550996 	0.552434 	0.550221 	0.557522 	0.551438 	0.554093 	0.551327 	0.549336 	0.544580 	0.553429 	0.552212 	0.537500 	0.534513 	0.537389 	0.524226 	0.527765 	0.517367 	0.508739 	0.502434 	0.486283 	0.469580 	0.443252 	0.414712 	0.373562 	0.313606 	0.240044 	0.149558 	0.064889 	0.010267 	0.006663 	0.023274 	0.095940 	0.185841 	0.273119 	0.341261 	0.392478 	0.421903 	0.447235 	0.469248 	0.480863 	0.491372 	0.512611 	0.517146 	0.524226 	0.524668 	0.526106 	0.535398 	0.544912 	0.540155 	0.542257 	0.539159 	0.542810 	0.554978 	0.547677 	0.549226 	0.551770 	0.553540 	0.554314 	0.555973 	0.555531 	0.558628 
R72	0.560056 	0.562291 	0.562011 	0.562709 	0.559637 	0.555168 	0.552235 	0.551536 	0.555866 	0.560754 	0.561034 	0.560475 	0.560475 	0.560475 	0.560754 	0.562570 	0.559497 	0.560475 	0.559218 	0.558659 	0.559637 	0.560754 	0.557682 	0.556425 	0.555726 	0.557402 	0.554749 	0.554888 	0.555307 	0.556704 	0.553492 	0.554749 	0.554469 	0.554330 	0.550978 	0.549441 	0.549302 	0.547765 	0.545251 	0.544832 	0.540084 	0.539106 	0.535056 	0.532263 	0.528352 	0.523883 	0.514525 	0.508101 	0.497905 	0.484078 	0.466899 	0.446369 	0.414804 	0.374022 	0.316480 	0.238687 	0.143855 	0.054665 	0.005973 	0.004835 	0.051229 	0.134106 	0.227235 	0.305726 	0.366341 	0.407542 	0.439804 	0.463687 	0.482402 	0.497626 	0.506006 	0.515922 	0.521788 	0.528631 	0.532821 	0.535335 	0.539665 	0.541480 	0.543156 	0.544413 	0.547207 	0.547346 	0.550279 	0.550140 	0.551397 	0.551955 	0.553212 	0.554190 	0.556983 
L73	0.529400 	0.528600 	0.528000 	0.527400 	0.526100 	0.527200 	0.527100 	0.521200 	0.519100 	0.518600 	0.523000 	0.527300 	0.528700 	0.527700 	0.527600 	0.527800 	0.526800 	0.528000 	0.527100 	0.526700 	0.526900 	0.526600 	0.526400 	0.526600 	0.525400 	0.525700 	0.525800 	0.524500 	0.525000 	0.525800 	0.524200 	0.523100 	0.522700 	0.522900 	0.521600 	0.521800 	0.520300 	0.520900 	0.518600 	0.518100 	0.516300 	0.515300 	0.514400 	0.512100 	0.509900 	0.506800 	0.502200 	0.498800 	0.490700 	0.485200 	0.475600 	0.465600 	0.455200 	0.440400 	0.420400 	0.389600 	0.345100 	0.282300 	0.197500 	0.095270 	0.018250 	0.008548 	0.059800 	0.156300 	0.251300 	0.326500 	0.378800 	0.415600 	0.438100 	0.458600 	0.469300 	0.480300 	0.486600 	0.494000 	0.500000 	0.503300 	0.507100 	0.509900 	0.511500 	0.513000 	0.515100 	0.517400 	0.518000 	0.519400 	0.519400 	0.521100 	0.521200 	0.521700 	0.523100 
R74	0.576673 	0.571048 	0.564979 	0.565127 	0.570456 	0.574600 	0.575488 	0.574452 	0.574008 	0.575192 	0.572084 	0.575784 	0.575044 	0.573860 	0.575488 	0.574156 	0.572676 	0.574304 	0.577117 	0.570604 	0.571196 	0.573120 	0.572232 	0.572528 	0.571048 	0.571492 	0.570308 	0.569568 	0.569716 	0.568384 	0.567496 	0.568828 	0.566311 	0.568828 	0.564387 	0.564979 	0.559651 	0.561723 	0.560243 	0.557430 	0.553434 	0.550918 	0.546625 	0.540557 	0.533452 	0.525015 	0.512137 	0.493339 	0.469657 	0.433689 	0.383215 	0.304026 	0.199970 	0.085568 	0.018843 	0.024926 	0.123431 	0.241859 	0.335702 	0.404233 	0.447010 	0.478242 	0.501184 	0.516726 	0.527383 	0.533748 	0.541741 	0.549290 	0.551510 	0.552990 	0.559651 	0.562611 	0.560539 	0.562463 	0.567052 	0.563943 	0.569716 	0.568088 	0.569272 	0.569272 	0.570752 	0.571196 	0.569420 	0.571196 	0.572084 	0.570900 	0.572676 	0.573860 	0.571936 
G75	0.646316 	0.640649 	0.638846 	0.641164 	0.641680 	0.637816 	0.638331 	0.637300 	0.633694 	0.634209 	0.629572 	0.630088 	0.627254 	0.624420 	0.623132 	0.619784 	0.613601 	0.607161 	0.597115 	0.581659 	0.566718 	0.546110 	0.504637 	0.447707 	0.348789 	0.216564 	0.079933 	0.023035 	0.070325 	0.218006 	0.357805 	0.454920 	0.506955 	0.541731 	0.569809 	0.591963 	0.597115 	0.603812 	0.610510 	0.622102 	0.619268 	0.625451 	0.629830 	0.629057 	0.631376 	0.637043 	0.633694 	0.637300 	0.638846 	0.639361 	0.638331 	0.640907 	0.639619 	0.642968 	0.641422 	0.641422 	0.636785 	0.639619 	0.645544 	0.642195 	0.642452 	0.646574 	0.643740 	0.645028 	0.643740 	0.647347 	0.640649 	0.648377 	0.642452 	0.647604 	0.644513 	0.645286 	0.644513 	0.647089 	0.644513 	0.647862 	0.647862 	0.649923 	0.638073 	0.639361 	0.635755 	0.641937 	0.641680 	0.641164 	0.648377 	0.646832 	0.646316 	0.643740 	0.645028 
G76	0.765401 	0.767268 	0.764157 	0.767268 	0.765401 	0.766646 	0.763535 	0.766024 	0.762912 	0.765401 	0.762290 	0.764779 	0.761045 	0.764157 	0.760423 	0.761045 	0.758556 	0.760423 	0.756067 	0.757934 	0.752956 	0.755445 	0.748600 	0.749222 	0.742999 	0.742377 	0.734910 	0.730554 	0.717486 	0.710019 	0.686994 	0.668326 	0.623522 	0.585439 	0.490915 	0.342004 	0.158245 	0.042638 	0.073802 	0.256378 	0.420224 	0.550093 	0.588550 	0.657747 	0.677660 	0.700062 	0.713130 	0.724953 	0.729309 	0.738643 	0.741133 	0.747978 	0.748600 	0.754200 	0.752956 	0.757312 	0.756067 	0.760423 	0.757934 	0.762290 	0.759801 	0.763535 	0.761045 	0.764779 	0.761668 	0.766024 	0.762290 	0.766024 	0.762912 	0.767268 	0.764157 	0.768513 	0.764779 	0.767890 	0.764779 	0.768513 	0.764779 	0.769135 	0.764779 	0.768513 	0.766646 	0.768513 	0.764779 	0.768513 	0.766646 	0.769757 	0.766024 	0.769135 	0.758556 

